artist,title,year,date,TV
Wale,Chillin,2009,2009-01-01,36.56067899670636
Wale,Pretty Girls,2009,2009-01-01,41.75768283542136
Wale,90210,2009,2009-01-01,46.06177872987354
B.o.B,I'll Be In The Sky,2009,2009-03-10,46.3978950942115
B.o.B,F*ck You,2009,2009-03-10,66.16833548131257
B.o.B,Generation Lost,2009,2009-03-10,73.0517969490649
Asher Roth,Lark On My Go-Kart,2009,2009-01-01,55.35024154589373
Asher Roth,Be By Myself,2009,2009-01-01,44.22005495985776
Asher Roth,She Don’t Wanna Man,2009,2009-01-01,41.89699460570255
Cory Gunz,Like You Don't Know,2009,2009-06-09,64.71205906480722
Blu,PressPause,2009,2009-10-13,54.65691294806144
Blu,WonLover,2009,2009-10-13,59.26811824539098
Blu,QuarterWaterSupporter (feat. Brea Joseph),2009,2009-10-13,56.422562405185495
Ace Hood,Overtime,2009,2009-01-01,40.096372196067584
Ace Hood,Get Money,2009,2009-01-01,50.85866304409351
Ace Hood,Champion,2009,2009-01-01,48.22742474916388
Curren$y,The Pledge (In and Out),2009,2009-01-01,55.65584045584044
Curren$y,The Seventies,2009,2009-01-01,50.937048032275264
Curren$y,On My Way,2009,2009-01-01,51.36923779096304
Kid Cudi,Day 'N' Nite (nightmare),2009,2009-01-01,39.95573044761437
Kid Cudi,Pursuit Of Happiness (Nightmare),2009,2009-01-01,44.391828280926376
Kid Cudi,Soundtrack 2 My Life,2009,2009-01-01,40.83357369483704
Nipsey Hussle,Feelin' Myself (feat. Lloyd) (feat. Lloyd) - new explicit version,2010,2010-07-26,55.25680142384948
Nipsey Hussle,They Roll (feat. The Game),2010,2010-07-06,43.53203306639113
Freddie Gibbs,National Anthem (F*ck the World),2010,2010-08-03,50.896759608138645
Freddie Gibbs,Personal OG,2010,2010-08-03,57.61147186147185
Freddie Gibbs,The Coldest,2010,2010-08-03,64.22637855468352
Big Sean,What U Doin? - Edited Version,2010,2010-01-01,51.63430270370714
Wiz Khalifa,Mezmorized,2010,2010-04-14,48.46030558820388
Wiz Khalifa,Visions,2010,2010-04-14,53.48114089775561
Wiz Khalifa,Still Blazin (feat. Alborosie),2010,2010-04-14,49.305064782096565
OJ Da Juiceman,The Dopeman,2010,2010-03-09,56.26250277839519
OJ Da Juiceman,Kop A Chicken Pt. 2,2010,2010-03-09,65.15834932821497
OJ Da Juiceman,Kingpin [Prod. by Lex Luger],2010,2010-08-12,58.11936155447605
Jay Rock,Jay Rock feat. Kendrick Lamar & Major James,2010,2010-07-20,53.862542128069336
Jay Rock,Real Bloods,2010,2010-07-20,70.59395848776872
Jay Rock,Follow Me Home,2010,2010-07-20,51.010467224138935
Donnis,Gone,2010,2010-02-09,52.15487735310896
Meek Mill,House Party (feat. Young Chris),2011,2011-10-19,43.48819980950365
Meek Mill,I'm a Boss,2011,2011-08-11,48.06284168093215
Meek Mill,Love Don't Live Here,2011,2011-08-11,48.41275633073048
Big K.R.I.T.,Country Sh*t (Remix),2011,2011-01-01,67.95651099579936
Big K.R.I.T.,Moon & Stars,2011,2011-01-01,48.04693097683305
Big K.R.I.T.,Country Sh*t (Remix),2011,2011-01-01,67.95651099579936
CyHi,God Bless the Lyrical,2011,2011-10-27,54.99489274770173
Lil Twist,Love Affair,2011,2011-01-01,44.56809750927398
Lil Twist,New Money,2011,2011-01-01,36.78092080637398
Lil Twist,Turn't Up,2011,2011-01-01,61.1650861234759
Yelawolf,Let's Roll,2011,2011-01-01,51.2851509470554
Yelawolf,Write Your Name,2011,2011-01-01,36.39662600885976
Yelawolf,Throw It Up,2011,2011-01-01,73.63781555899021
Fred the Godson,Bronx Lock Down (feat. Bitta Blood),2011,2011-07-04,58.13883379611266
Mac Miller,Missed Calls,2011,2011-11-08,53.08211818879511
Mac Miller,Smile Back,2011,2011-11-08,39.23798259694181
Mac Miller,Party On Fifth Ave.,2011,2011-11-08,41.70002354603248
YG,Patty Cake,2011,2011-01-01,66.97907585004359
Lil B,Motivation,2011,2011-01-18,53.58048162230672
Lil B,I Cook,2011,2011-02-10,70.37109587550331
Lil B,Exhibit 6,2011,2011-01-18,49.27479449950065
Kendrick Lamar,A.D.H.D,2011,2011-07-02,65.25119881962375
Kendrick Lamar,HiiiPower,2011,2011-07-02,59.821801333944286
Kendrick Lamar,Hol' Up,2011,2011-07-02,51.131214474421576
Diggy,"Copy, Paste",2011,2011-06-07,38.43214965123655
Diggy,Do It Like You (feat. Jeremih),2011,2011-10-24,50.98088061281685
Future,Turn On The Lights,2012,2012-11-27,37.928559598078735
Future,Tony Montana (feat. Drake),2012,2012-11-27,45.14950740335311
Future,Neva End,2012,2012-04-17,40.662190559171776
Kid Ink,Hell & Back,2012,2012-06-12,44.55629430188472
Kid Ink,Time Of Your Life,2012,2012-06-12,40.48424289008456
Kid Ink,Neva Gave A Fuck,2012,2012-06-12,51.45155472188152
Danny Brown,Grown Up,2012,2012-06-05,56.71427183522781
Danny Brown,XXX,2012,2012-03-13,56.086612094005794
Danny Brown,Party All the Time,2012,2012-03-13,61.97320169252468
French Montana,Triple Double,2012,2012-11-20,43.47915532159498
French Montana,Drank & Smoke,2012,2012-04-13,47.17640779290099
French Montana,Sanctuary,2012,2012-11-20,27.683168316831708
Macklemore,Can't Hold Us (feat. Ray Dalton),2012,2012-10-09,58.66129215396843
Macklemore,White Walls (feat. ScHoolboy Q & Hollis),2012,2012-10-09,50.65340162857895
Macklemore,Wing$,2012,2012-10-09,67.3487908513875
Don Trip,Like Me,2012,2012-02-27,51.48963637667647
Don Trip,Allen Iverson,2012,2012-02-27,68.84698361965641
Don Trip,All On Me,2012,2012-10-31,54.24977022058823
Machine Gun Kelly,Wild Boy,2012,2012-01-01,62.44123192960402
Machine Gun Kelly,Runnin',2012,2012-01-01,42.07714195384129
Machine Gun Kelly,Half Naked & Almost Famous,2012,2012-01-01,66.19466642722458
Hopsin,Ill Mind of Hopsin 5,2012,2012-07-17,76.8409618328149
Hopsin,Lucifer Effect,2012,2012-05-08,74.70098111719173
Hopsin,Leave Me Alone,2012,2012-05-08,54.97222345673526
Roscoe Dash,It's My Party (feat. Lil Jon & Machine Gun Kelly),2012,2012-08-14,78.4354063747716
Roscoe Dash,Zodiac Sign (feat. Lloyd),2012,2012-08-14,50.20135540205917
Roscoe Dash,Guilty Pleasure (feat. August Alsina),2012,2012-08-14,63.60482062780269
ScHoolboy Q,Yay Yay,2013,2013-04-16,76.03432424149555
Trinidad James,All Gold Everything,2013,2013-01-01,67.98784091868615
Trinidad James,Female$ Welcomed,2013,2013-01-01,60.1609010458568
Trinidad James,Givin' No F**k$,2013,2013-01-01,66.37925955023077
Joey Bada$$,95 Till Infinity,2013,2013-10-29,45.31573135227386
Joey Bada$$,Unorthodox,2013,2013-01-14,48.440360841964576
Joey Bada$$,#longlivesteelo,2013,2013-10-29,52.403536977491946
Action Bronson,Strictly 4 My Jeeps,2013,2013-06-11,56.42857142857141
Action Bronson,The Rockers (feat. Wiz Khalifa),2013,2013-06-11,55.0457294586222
Action Bronson,Triple Backflip,2013,2013-06-11,68.18810770381451
Kirko Bangz,"Cup Up Top Down (feat. Z Ro, Paul Wall & Slim Thug)",2013,2013-08-12,54.59618702916544
Kirko Bangz,Old Ways,2013,2013-08-12,45.77652595550487
Kirko Bangz,I Got A Friend (feat. Nipsey Hussle),2013,2013-08-12,46.9313282153749
Travis Scott,Upper Echelon (feat. T.I. & 2 Chainz),2013,2013-05-21,53.8562860167
Dizzy Wright,Killem with Kindness,2013,2013-08-19,43.45795053003534
Dizzy Wright,Untouchable,2013,2013-08-19,66.34496148305881
Dizzy Wright,The Flavor,2013,2013-08-19,70.84653513460978
Angel Haze,Battle Cry,2013,2013-01-01,38.00817204301075
Angel Haze,Black Dahlia,2013,2013-01-01,59.62503347915365
Angel Haze,New York,2013,2013-01-01,61.38894861320146
Chief Keef,Ape Shit,2013,2013-10-19,70.9933598937583
Chief Keef,Glo Gang Mafia (feat. Capo),2013,2013-10-19,65.44596837599371
Rich Homie Quan,Tell Em,2014,2014-12-09,47.8181299885975
Rich Homie Quan,Milk Marie,2014,2014-12-09,50.83308758478325
Rich Homie Quan,Imma Ride,2014,2014-12-09,68.693549235056
Isaiah Rashad,West Savannah (feat. SZA),2014,2014-01-28,61.35975277222323
Isaiah Rashad,Heavenly Father,2014,2014-01-28,62.34229546111593
Isaiah Rashad,Ronnie Drake (feat. SZA),2014,2014-01-28,75.20824673705212
Ty Dolla $ign,Stand For,2014,2014-11-17,48.29312891201913
Ty Dolla $ign,Familiar (feat. Travi$ Scott & Fredo Santana),2014,2014-01-21,40.77896585567438
Ty Dolla $ign,Wood & Leather (feat. Big TC & Pops),2014,2014-01-21,52.91180722891568
Lil Durk,Gas and Mud,2014,2014-07-07,30.14588859416451
Lil Durk,What You Do To Me,2014,2014-07-07,27.52247191011237
Lil Durk,Party,2014,2014-07-07,41.90237254537571
Kevin Gates,Perfect Imperfection,2014,2014-12-15,62.396322252941545
Kevin Gates,Out the Mud,2014,2014-12-15,60.77076171521621
Kevin Gates,I Don't Get Tired (#IDGT) (feat. August Alsina),2014,2014-12-15,66.72529438068266
Troy Ave,Your Style,2014,2014-05-05,45.07712795472201
Troy Ave,My Day,2014,2014-05-05,64.42558942784201
Troy Ave,Me And You,2014,2014-05-05,52.09369687047416
Jarren Benton,Plan A,2014,2014-08-21,48.50362137293308
Jarren Benton,Gimmie the Loot,2014,2014-03-18,79.70184254606365
August Alsina,No Love,2014,2014-08-05,44.73217365594047
August Alsina,I Luv This Shit - Remix (Bonus Track),2014,2014-01-01,41.32367435442539
August Alsina,Benediction,2014,2014-01-01,46.73356462166791
Fetty Wap,Trap Queen,2015,2015-09-25,46.90210047905664
Fetty Wap,Again,2015,2015-09-25,41.46307253999564
Fetty Wap,My Way (feat. Monty),2015,2015-09-25,38.51196410767697
DeJ Loaf,Me U & Hennessy (feat. Lil Wayne),2015,2015-04-20,43.93128863528291
DeJ Loaf,Hey There (feat. Future),2015,2015-07-31,38.314558325638686
DeJ Loaf,We Be On It,2015,2015-02-24,42.86841764781988
Raury,Crystal Express,2015,2015-10-16,48.25010541533643
Raury,God's Whisper,2015,2015-02-24,39.558632382028826
Raury,Friends (feat. Tom Morello) - Tom Misch Remix,2015,2015-12-16,47.5549108992955
Kidd Kidd,Ejected,2015,2015-06-30,40.44850580390221
Kidd Kidd,Never,2015,2015-01-07,55.36123645039158
OG Maco,Yngm (Remix),2015,2015-08-06,41.53390768638402
Shy Glizzy,48,2015,2015-10-21,44.22486123660772
Shy Glizzy,Going Thru Shit (feat. Boosie),2015,2015-10-21,58.057597574838965
Shy Glizzy,Funeral (feat. Jeezy),2015,2015-05-04,36.24127349443804
K CAMP,Owe Me That Pussy,2015,2015-01-19,52.265656979124046
K CAMP,Marilyn Monroe,2015,2015-01-19,58.32748296510428
K CAMP,One Hunnid,2015,2015-01-19,47.325102880658434
Vince Staples,Norf Norf,2015,2015-06-30,51.47751124437781
Vince Staples,Summertime,2015,2015-06-30,63.78359138636768
Vince Staples,Jump Off The Roof,2015,2015-06-30,57.14718505427921
Tink,Million,2015,2015-05-11,44.93158923470155
Tink,H20,2015,2015-07-30,43.84165542060279
Tink,I Like,2015,2015-07-30,40.9461724715962
GoldLink,Late Night (feat. Masego),2015,2015-11-06,59.15369549530976
GoldLink,Palm Trees,2015,2015-11-06,42.57777228028944
GoldLink,Spectrum,2015,2015-11-06,68.20006371455878
Lil Uzi Vert,Money Longer,2016,2016-05-27,34.897833663636966
Lil Uzi Vert,Erase Your Social,2016,2016-08-10,38.97670200892859
Lil Uzi Vert,You Was Right,2016,2016-05-27,27.916997932898703
Lil Yachty,One Night,2016,2016-07-05,28.738880167451583
Lil Yachty,Minnesota,2016,2016-07-05,55.75465639049454
Lil Yachty,Shoot Out The Roof,2016,2016-07-29,64.86071282261368
Kodak Black,Too Many Years,2016,2016-06-10,43.089947089947074
Kodak Black,Purp,2016,2016-06-10,46.04622796853082
Kodak Black,Gave It All I Got,2016,2016-06-10,37.86244999047437
Denzel Curry,This Life,2016,2016-10-14,34.07927747114902
Denzel Curry,ULT,2016,2016-10-14,48.08561507371775
Denzel Curry,Zenith,2016,2016-10-14,42.45251396648047
G Herbo,Write Your Name,2016,2016-11-04,56.66015216025686
G Herbo,Kill Shit (feat. Lil Bibby) - Bonus Track,2016,2016-11-04,56.93405070514388
G Herbo,Pull Up,2016,2016-11-25,53.994539249146754
Dave East,Type of Time,2016,2016-09-30,57.23690773067332
Dave East,Don Pablo,2016,2016-09-30,49.08609271523177
Dave East,It Was Written,2016,2016-09-30,63.55921395861108
Anderson .Paak,Come Down,2016,2016-01-15,73.57968970380819
Anderson .Paak,Heart Don't Stand a Chance,2016,2016-01-15,65.36572343833423
Anderson .Paak,Suede,2016,2016-10-21,63.0176322418136
Desiigner,Tiimmy Turner,2016,2016-07-22,38.07696542611762
Desiigner,Overnight,2016,2016-06-26,40.627022653721696
Desiigner,Zombie Walk,2016,2016-06-26,65.2348134991119
21 Savage,No Heart,2016,2016-07-15,78.91530357637926
21 Savage,X (feat. Future),2016,2016-07-15,81.96325459317585
21 Savage,Red Opps,2016,2016-05-15,81.32467818241831
Kamaiyah,Dope Bitch,2017,2017-11-07,54.79515609027285
Kamaiyah,Me Against Myself,2017,2017-11-07,37.46616642101032
Kamaiyah,Slide (Bet),2017,2017-11-07,41.61644806806097
A Boogie Wit da Hoodie,Drowning (feat. Kodak Black),2017,2017-09-29,39.78071882704037
A Boogie Wit da Hoodie,Beast Mode (feat. PnB Rock & YoungBoy Never Broke Again),2017,2017-09-29,36.94343649946639
A Boogie Wit da Hoodie,No Promises,2017,2017-09-29,54.35675005808999
PnB Rock,Selfish,2017,2017-01-13,34.47735000548426
PnB Rock,"Horses (with PnB Rock, Kodak Black & A Boogie Wit da Hoodie)",2017,2017-03-30,37.88668186258551
PnB Rock,Notice Me,2017,2017-01-13,27.9622889193866
Playboi Carti,Magnolia,2017,2017-04-14,67.76875382062703
Playboi Carti,Location,2017,2017-04-14,48.94820517111537
Playboi Carti,wokeuplikethis*,2017,2017-04-14,44.12099772154933
Aminé,Caroline,2017,2017-07-28,54.6366318047734
Aminé,Spice Girl,2017,2017-07-28,51.54230485707265
Aminé,Heebiejeebies - Bonus,2017,2017-07-28,51.79618159759913
Kap G,I See You (feat. Chris Brown),2017,2017-04-14,42.94313585534144
Kap G,Rings,2017,2017-04-14,47.93337446020976
Kap G,Freakin 'N' Geekin,2017,2017-04-14,71.68066376606292
KYLE,Attention - Acoustic,2017,2017-06-09,38.30353595550258
KYLE,iSpy (feat. Kodak Black),2017,2017-06-09,39.15693122967602
KYLE,Sunshine (feat. Miguel),2017,2017-09-29,40.14700291471296
Ugly God,I'm a Nasty Hoe,2017,2017-08-04,51.72946018679753
MadeinTYO,Skateboard P (feat. Big Sean),2017,2017-02-15,58.8247837212136
MadeinTYO,Too Quick,2017,2017-08-25,76.68513145168382
MadeinTYO,Yah Dig,2017,2017-08-25,60.99497013517762
XXXTENTACION,Revenge,2017,2017-08-25,31.615384615384617
XXXTENTACION,Jocelyn Flores,2017,2017-08-25,44.90382331987652
XXXTENTACION,Everybody Dies In Their Nightmares,2017,2017-08-25,30.431244914564687
Ski Mask The Slump God,Unbothered,2018,2018-11-30,60.675633406318426
Ski Mask The Slump God,Nuketown (feat. Juice WRLD),2018,2018-11-30,66.9878203962916
Ski Mask The Slump God,Faucet Failure,2018,2018-11-30,73.76736889287315
Lil Pump,I Love It (& Lil Pump),2018,2018-09-07,52.718681571971885
Lil Pump,Arms Around You (feat. Maluma & Swae Lee),2018,2018-10-25,31.05809128630708
Lil Pump,"Welcome to the Party (with French Montana & Lil Pump, feat. Zhavia Ward) - from Deadpool 2",2018,2018-05-15,53.82061369000789
Smokepurpp,Do Not Disturb (feat. Lil Yachty & Offset),2018,2018-04-13,66.14408361328853
Smokepurpp,Nephew (feat. Lil Pump),2018,2018-07-27,40.09185914930438
Smokepurpp,123,2018,2018-04-13,63.78211629479377
JID,151 Rum,2018,2018-11-26,34.97346600331674
JID,Off Deez (with J. Cole),2018,2018-11-26,70.38900634249471
JID,Workin Out,2018,2018-11-26,58.61326579072346
Stefflon Don,Calypso,2018,2018-06-14,46.91962464300288
Stefflon Don,Senseless - Remix,2018,2018-11-12,33.118078419634855
Stefflon Don,Hurtin' Me - The Remix,2018,2018-08-17,36.81044206907668
BlocBoy JB,Rover,2018,2018-02-09,44.75613544579063
BlocBoy JB,Don't Say That (Feat. Lil Uzi Vert),2018,2018-10-30,70.5994754589734
BlocBoy JB,Nun of Dat (feat. Lil Pump),2018,2018-05-04,50.121008403361344
YBN Nahmir,Rubbin off the Paint,2018,2018-09-07,51.45683942997184
YBN Nahmir,Porsches In The Rain,2018,2018-09-07,60.66466238725928
YBN Nahmir,Target,2018,2018-09-07,58.13415574402468
Wifisfuneral,Juveniles (feat. YBN Nahmir),2018,2018-06-08,63.01819210104627
Wifisfuneral,LilSkiesFuneral (feat. Lil Skies),2018,2018-06-08,52.35934100093254
Wifisfuneral,IMVU,2018,2018-06-08,65.39904376609047
Trippie Redd,Taking A Walk,2018,2018-08-10,39.46210778692798
Trippie Redd,Dark Knight Dummo,2018,2018-08-10,36.02860965318514
Comethazine,SOLVED THE PROBLEM,2019,2019-07-26,65.49104459670632
Comethazine,FIND HIM!,2019,2019-07-26,59.101328470955984
Comethazine,NONSENSE,2019,2019-01-11,48.61181587531714
Tierra Whack,Only Child,2019,2019-02-19,34.97002208898707
Tierra Whack,Wasteland,2019,2019-03-12,31.611316113161152
Tierra Whack,CLONES,2019,2019-02-26,43.1285000756773
DaBaby,BOP,2019,2019-09-27,61.0676784611312
DaBaby,Suge,2019,2019-03-01,59.33478918192508
DaBaby,TOES (feat. Lil Baby & Moneybagg Yo),2019,2019-09-27,57.58894503454677
Roddy Ricch,The Box,2019,2019-12-06,41.92361341746927
Roddy Ricch,High Fashion (feat. Mustard),2019,2019-12-06,40.94456355283311
Roddy Ricch,Start Wit Me (feat. Gunna),2019,2019-12-06,46.70608958228487
Cordae,RNP (feat. Anderson .Paak),2019,2019-07-26,61.43377483443707
Cordae,Have Mercy,2019,2019-07-26,47.1046590141796
YK Osiris,Valentine,2019,2019-10-11,27.18418933151601
YK Osiris,Ride,2019,2019-10-11,30.92820160938184
YK Osiris,Freaky Dancer (feat. DaBaby),2019,2019-06-21,41.9383846794338
Rico Nasty,Time Flies,2019,2019-07-24,34.48351971748088
Rico Nasty,Big Titties (feat. Baauer and EarthGang),2019,2019-04-25,62.8252508361204
Rico Nasty,Cold,2019,2019-04-25,84.40309382356239
Gunna,Who You Foolin,2019,2019-02-22,44.36501449059967
Gunna,Hot (Remix) [feat. Gunna and Travis Scott],2019,2019-11-01,49.27328815616466
Gunna,Baby Birkin,2019,2019-02-22,32.41235970624915
Blueface,Daddy (feat. Rich The Kid),2019,2019-08-09,54.331826985151686
Blueface,Bleed It,2019,2019-08-09,67.56035035248878
Blueface,Disrespectful,2019,2019-08-09,89.7604120017913
Megan Thee Stallion,Cash Shit (feat. DaBaby),2019,2019-05-17,77.32925922867288
Megan Thee Stallion,Hot Girl Summer (feat. Nicki Minaj & Ty Dolla $ign),2019,2019-08-09,59.76323529411765
Megan Thee Stallion,Sex Talk,2019,2019-05-17,83.63011081390906
Polo G,Martin & Gina,2020,2020-05-15,36.80604534005042
Polo G,Go Stupid,2020,2020-05-15,57.527056717389534
Polo G,21,2020,2020-05-15,35.883760683760705
CHIKA,SONGS ABOUT YOU,2020,2020-03-13,53.63866222273302
CHIKA,FWB,2020,2020-12-11,54.16059447370318
CHIKA,CROWN,2020,2020-03-13,53.162077104642016
NLE Choppa,Walk Em Down (feat. Roddy Ricch),2020,2020-08-10,40.60337044839002
NLE Choppa,Camelot,2020,2020-08-10,61.02543640897756
NLE Choppa,Picture Me Grapin’,2020,2020-11-01,48.79985408560312
Jack Harlow,WHATS POPPIN,2020,2020-03-13,59.94216382724588
Jack Harlow,Tyler Herro,2020,2020-12-11,57.3600950987564
Jack Harlow,I WANNA SEE SOME ASS (feat. jetsonmade),2020,2020-03-13,41.25600468658465
Lil Keed,Wavy (Remix) [feat. Travis Scott],2020,2020-08-07,37.88048633267224
Lil Keed,She Know (feat. Lil Baby),2020,2020-08-07,45.18427852577181
Lil Keed,Fox 5 (feat. Gunna),2020,2020-08-07,40.90194718899868
Lil Tjay,Zoo York (feat. Fivio Foreign & Pop Smoke),2020,2020-05-08,56.191464342533045
Lil Tjay,Fade Away,2020,2020-04-17,39.38253590354043
Fivio Foreign,Big Drip,2020,2020-04-24,74.58179701144964
Fivio Foreign,Trust,2020,2020-11-27,62.123194667325016
Fivio Foreign,Wetty,2020,2020-04-24,68.04951088041526
Calboy,Fake Love (feat. Polo G),2020,2020-07-24,38.01720335244818
Calboy,Givenchy Kickin (feat. Lil Baby & Lil Tjay),2020,2020-02-21,44.8219306466729
Calboy,Gang Gang,2020,2020-10-21,40.9390887290168
Rod Wave,Rags2Riches 2 (feat. Lil Baby),2020,2020-08-07,39.790990420394266
Rod Wave,Letter From Houston,2020,2020-08-07,39.96284829721365
Rod Wave,Dark Clouds,2020,2020-04-03,39.27230046948359
Baby Keem,hooligan,2020,2020-09-18,48.16755343132832
Baby Keem,sons & critics freestyle,2020,2020-09-18,44.9131773802503
24kGoldn,Tick Tock (feat. 24kGoldn),2020,2020-08-21,36.03674540682419
24kGoldn,"Mood (Remix) feat. Justin Bieber, J Balvin & iann dior",2020,2020-11-06,39.30135135135136
24kGoldn,Climb,2020,2020-11-13,45.78821952490878
Latto,On God,2020,2020-08-21,41.903855306996654
Latto,B*tch From Da Souf (Remix) (feat. Trina),2020,2020-08-21,54.534282018111256
Latto,Sex Lies (feat. Lil Baby),2020,2020-12-11,40.23431530690214
42 Dugg,4 Da Gang (with Roddy Ricch),2021,2021-05-21,37.331208588442514
42 Dugg,Bestfriends,2021,2021-05-21,58.64678626589046
42 Dugg,Maybach (feat. Future),2021,2021-05-21,65.45110306223248
Flo Milli,Clap For 'Em (feat. Flo Milli & Sada Baby),2021,2021-03-19,65.15865146256817
Flo Milli,Roaring 20s,2021,2021-01-15,55.20594843265219
Flo Milli,Ice Baby,2021,2021-10-29,52.970125915562505
Morray,Quicksand,2021,2021-04-28,49.90365837781542
Morray,Bad Situations,2021,2021-09-24,36.23157137720243
Morray,Switched Up,2021,2021-04-28,44.82350037027892
Pooh Shiesty,Back in Blood (feat. Lil Durk),2021,2021-02-05,45.171570443933895
Pooh Shiesty,"Switch it Up (feat. G Herbo, No More Heroes)",2021,2021-05-21,53.84874799763932
Pooh Shiesty,SUVs (Black on Black),2021,2021-08-03,47.66210588935158
Lakeyah,Too Much,2021,2021-04-09,42.11376041367423
Lakeyah,In Person (With OG Parker feat. Tyga),2021,2021-09-24,56.06943989518506
Lakeyah,Young and Ratchet,2021,2021-04-09,56.7138917942379
Coi Leray,TWINNEM,2021,2021-09-20,46.89104532612703
Coi Leray,Attachments (feat. Coi Leray),2021,2021-04-30,46.96098395373463
Coi Leray,2055 (feat. Coi Leray),2021,2021-07-28,57.55371093749999
Toosii,Never Leave Her (feat. Jacquees),2021,2021-12-03,40.6987417899818
Toosii,head over hills,2021,2021-07-16,43.92485768500951
Toosii,5'5 (feat. Latto),2021,2021-05-07,42.88610906712452
Blxst,Fck Boys,2021,2021-03-12,48.80389545530217
Blxst,Program,2021,2021-07-16,43.53510895883779
Blxst,About You,2021,2021-12-03,41.689210199005
DDG,Moonwalking in Calabasas (feat. Blueface) - Remix,2021,2021-06-15,43.8481521830219
DDG,Hood Melody (feat. Youngboy Never Broke Again),2021,2021-06-15,38.213515912260696
DDG,Rule #1 (feat. Lil Yachty),2021,2021-06-15,40.0305058893314
Rubi Rose,Psycho (feat. Rubi Rose),2021,2021-07-23,45.40047873319832
Rubi Rose,Loyal Dick,2021,2021-12-10,34.217200034503584
Rubi Rose,TWORK,2021,2021-07-02,57.7249234303216
Iann Dior,Romance! - Iann Dior Remix,2021,2021-09-27,37.71209213051824
Nardo Wick,Krazy Krazy,2022,2022-04-29,47.74024968547373
Nardo Wick,Riot,2022,2022-06-10,49.269674495261626
Nardo Wick,Meet The Walkers 2 (With Nardo Wick),2022,2022-10-28,42.69058295964125
SoFaygo,Stay Awake,2022,2022-11-11,29.76814394396813
SoFaygo,Count Me Out,2022,2022-06-14,36.76117876731431
SoFaygo,Slip,2022,2022-11-11,42.46392037600222
Babyface Ray,Wonderful Wayne & Jackie Boy,2022,2022-12-02,45.886503376675726
Babyface Ray,Family > Money,2022,2022-05-20,47.8416029403047
Babyface Ray,Waves On Every Chain,2022,2022-12-02,44.53805648635711
Big Scarr,MJ (feat. Quezz Ruthless),2022,2022-02-25,54.898483680287846
Big Scarr,Fantasy (feat. Offset),2022,2022-02-25,50.21065506931232
Big Scarr,The Regular,2022,2022-02-25,50.36443284555877
Big30,Flushed em,2022,2022-11-27,48.936750272628124
Big30,Fox 13 gang,2022,2022-09-07,47.13527604506098
Big30,Free the members,2022,2022-09-05,52.76812069530992
Kaliii,Wet,2022,2022-08-18,62.33903647005852
Kaliii,UonU (feat. Yung Bleu),2022,2022-02-11,36.099565007249865
Kaliii,Standards,2022,2022-03-08,44.13193885760258
KenTheMan,Feelin’ Sexy,2022,2022-03-04,44.04692737430165
KenTheMan,Join Em,2022,2022-03-04,44.45142580956984
KenTheMan,No Panties,2022,2022-06-03,46.62822458270104
Cochise,GRIND,2022,2022-06-24,66.40064048542052
Cochise,COOK UP,2022,2022-12-09,50.775510204081606
Cochise,DO IT AGAIN,2022,2022-06-24,40.97956730769226
KayCyy,THE SUN (Prod. Gesaffelstein),2022,2022-03-11,41.1845166748925
KayCyy,Hold you up (feat. Annahstasia & Steven Bamidele),2022,2022-06-02,31.852327447833066
KayCyy,Look What I Found (feat. Lancey Foux),2022,2022-06-02,51.86319404693762
Doechii,Persuasive,2022,2022-03-18,51.54249737670514
Doechii,Bitch I'm Nice,2022,2022-07-08,69.3019943019943
Doechii,Crazy,2022,2022-04-08,61.67994687915005
Saucy Santana,Bop Bop,2022,2022-11-30,60.72764184207715
Saucy Santana,MATERIAL GWORRLLLLLLLL!,2022,2022-08-05,58.60299991124523
Saucy Santana,Put Your Hands On My ____ (feat. Saucy Santana),2022,2022-02-24,60.708680142687285
BabyTron,Manute Bol,2022,2022-03-04,50.8323103363614
BabyTron,Beyond Turnt,2022,2022-03-04,55.8218307301126
BabyTron,8th Wonder of the World,2022,2022-10-28,51.21107266435986
Finesse2tymes,Shiesty (feat. Kaliii & Sexyy Red),2023,2023-06-23,61.44375902349389
Finesse2tymes,Can’t Go To Jail,2023,2023-09-01,66.35225692249337
Finesse2tymes,Out of State,2023,2023-03-03,64.55544329376104
Lola Brooke,Don't Play With It (feat. Latto & Yung Miami) - Remix,2023,2023-03-24,67.98758068469647
Lola Brooke,Conceited (feat. Lola Brooke & Maiya The Don),2023,2023-01-27,69.5014095851792
Lola Brooke,So DISRESPECTFUL,2023,2023-03-10,70.57778921631704
Rob49,I Believe You (Lick Me),2023,2023-06-09,73.23392116182572
Rob49,Viral (feat. Lil Durk),2023,2023-08-11,36.06345141556411
Rob49,Mama (with Skilla Baby & Tay B),2023,2023-08-11,50.41542040545033
Fridayy,Don't Give It Away (with Chris Brown),2023,2023-06-02,42.53320683111957
Fridayy,Countin' On You,2023,2023-05-17,28.08958816954691
Fridayy,Stand By Me,2023,2023-08-25,38.36963417212944
GloRilla,Lick Or Sum,2023,2023-05-23,102.0759493670886
GloRilla,On Wat U On (with GloRilla),2023,2023-01-12,66.22091958234108
GloRilla,"Wrong One (with Gloss Up & Slimeroni feat. K Carbon, Aleza, Tay Keith)",2023,2023-09-06,62.37710931768159
2Rare,"Anything Flows (feat. Maiya The Don, 2Rare & Kari Faux)",2023,2023-06-27,46.781183178902346
2Rare,Don't Run,2023,2023-07-14,60.90824261275271
2Rare,2HUMPY Anthem,2023,2023-05-12,66.70326576576576
SleazyWorld Go,Off The Court (with Polo G & Einer Bankz),2023,2023-05-05,49.08631639722864
SleazyWorld Go,Got Me Hot,2023,2023-08-29,61.83779333058872
SleazyWorld Go,Don't Get Ya Feelings In It (feat. Luh Tyler),2023,2023-07-21,53.10266363271316
Central Cee,On The Radar Freestyle,2023,2023-07-26,51.61875480399693
Central Cee,UK Rap,2023,2023-06-04,68.16984115034255
Central Cee,Trojan Horse,2023,2023-06-04,77.1885329265192
Real Boston Richey,Bubba Man,2023,2023-09-08,51.56833969278933
Real Boston Richey,Ain't Gone Lie,2023,2023-09-08,70.86821206267439
Real Boston Richey,Loner,2023,2023-01-06,60.50696378830084
Luh Tyler,Back Flippin,2023,2023-03-31,68.03569385653813
Luh Tyler,Fat Racks,2023,2023-04-04,56.16277733072768
Luh Tyler,Rapper of the Year,2023,2023-08-25,44.981074943224826
TiaCorine,FreakyT,2023,2023-01-09,58.15030101723063
TiaCorine,FEAST (Remix),2023,2023-03-29,54.9029443838604
DC The Don,Tell Shyanne,2023,2023-08-03,35.08364813815435
DC The Don,Stop Hating,2023,2023-07-13,51.12309074573228
DC The Don,Hate The New You,2023,2023-05-05,32.35692625330666
